{
    "1 Enter Foreign Workers Last family Name": {
        "page_index": 0,
        "key": "S2.1. Last Name / Family Name / Surname",
        "position": [
            65.31999969482422,
            158.8800048828125
        ],
        "fill": true
    },
    "2 Enter Foreign Workers First given Name": {
        "page_index": 0,
        "key": "S2.2. First Name / Given Name",
        "position": [
            65.31999969482422,
            184.44000244140625
        ],
        "fill": true
    },
    "3 Enter Foreign Workers Middle Names": {
        "page_index": 0,
        "key": "S2.3. Middle Name",
        "position": [
            65.31999969482422,
            210.1199951171875
        ],
        "fill": true
    },
    "4 Enter Address 1 current": {
        "page_index": 0,
        "key": "S3.2. Street Address",
        "position": [
            65.31999969482422,
            235.67999267578125
        ],
        "fill": true
    },
    "5 Enter Address 2 apartment suite floor and number": {
        "page_index": 0,
        "key": "S3.4. Apartment / Suite / Floor Number",
        "position": [
            65.31999969482422,
            261.3599853515625
        ],
        "fill": true
    },
    "6 Enter City": {
        "page_index": 0,
        "key": "S3.5. City",
        "position": [
            65.31999969482422,
            287.03997802734375
        ],
        "fill": true
    },
    "7 Enter State": {
        "page_index": 0,
        "key": "S3.6. State",
        "position": [
            348.32000732421875,
            287.03997802734375
        ],
        "fill": true
    },
    "8 Enter Postal Code": {
        "page_index": 0,
        "key": "S3.7. Postal Code",
        "position": [
            438.5199890136719,
            287.03997802734375
        ],
        "fill": true
    },
    "9 Enter Country": {
        "page_index": 0,
        "key": "S3.8. Country",
        "position": [
            65.31999969482422,
            312.8399963378906
        ],
        "fill": true
    },
    "10 Enter Province": {
        "page_index": 0,
        "key": null,
        "position": [
            348.32000732421875,
            312.8399963378906
        ],
        "fill": false 
    },
    "11 Enter Date of Birth mmddyyyy": {
        "page_index": 0,
        "key": "S2.4. Date of Birth (mm/dd/yyyy)",
        "position": [
            60.31999969482422,
            338.5199890136719
        ],
        "fill": true
    },
    "12 Enter Class of Admission": {
        "page_index": 0,
        "key": "S4.1. Class of Admission",
        "position": [
            238.32000732421875,
            338.5199890136719
        ],
        "fill": true
    },
    "13 Enter Alien Registration Number A if applicable": {
        "page_index": 0,
        "key": "S4.2. Alien Registration Number (A#)",
        "position": [
            348.32000732421875,
            338.5199890136719
        ],
        "fill": true
    },
    "14 Enter Country of Birth": {
        "page_index": 0,
        "key": "S2.3. Country of Birth",
        "position": [
            65.31999969482422,
            364.0799865722656
        ],
        "fill": true
    },
    "15 Enter Country of Citizenship or Nationality": {
        "page_index": 0,
        "key": "S4.3. Country of Citizenship or Nationality",
        "position": [
            65.31999969482422,
            389.760009765625
        ],
        "fill": true
    },
    "null": {
        "page_index": 0,
        "key": null,
        "position": [
            60.119998931884766,
            463.3599853515625
        ],
        "fill": false
    },
    "High SchoolGED": {
        "page_index": 0,
        "key": null,
        "position": [
            96.95999908447266,
            463.3599853515625
        ],
        "fill": false
    },
    "Associate": {
        "page_index": 0,
        "key": null,
        "position": [
            182.52000427246094,
            463.3599853515625
        ],
        "fill": false
    },
    "Bachelors": {
        "page_index": 0,
        "key": null,
        "position": [
            234.24000549316406,
            463.3599853515625
        ],
        "fill": false
    },
    "Masters": {
        "page_index": 0,
        "key": null,
        "position": [
            291.6000061035156,
            463.3599853515625
        ],
        "fill": false
    },
    "Doctorate PhD": {
        "page_index": 0,
        "key": null,
        "position": [
            340.55999755859375,
            463.3599853515625
        ],
        "fill": false
    },
    "Other Degree JD MD etc": {
        "page_index": 0,
        "key": null,
        "position": [
            420.6000061035156,
            463.3599853515625
        ],
        "fill": false
    },
    "1a  Enter If Other Degree in question 1 specify the diploma degree attained": {
        "page_index": 0,
        "key": null,
        "position": [
            55.439998626708984,
            492.0799865722656
        ],
        "fill": false
    },
    "1b Enter Specify majors andor fields of study may list more than one related major and more than one field": {
        "page_index": 0,
        "key": "S5.4. Specify major(s) and/or field(s) of study (may list more than one related major and more than one field)",
        "position": [
            65.43999862670898,
            519.9200134277344
        ],
        "fill": true
    },
    "1c Enter Name of Institution that issued the degree diploma": {
        "page_index": 0,
        "key": "S5.5. Name of Institution that issued the degree/diploma",
        "position": [
            60.439998626708984,
            547.64
        ],
        "fill": true
    },
    "1d Enter Name of Country of institution identified in question 1c": {
        "page_index": 0,
        "key": "S5.4.1  Name of Country of institution that issued the degree/diploma in the prior question",
        "position": [
            60.439998626708984,
            575.47998046875
        ],
        "fill": true
    },
    "1e Enter Month year attained mmyyyy": {
        "page_index": 0,
        "key": "S5.6. Month/year attained (mm/yyyy)",
        "position": [
            408.0799865722656,
            575.47998046875
        ],
        "fill": true
    },
    "1 Employer Name": {
        "page_index": 3,
        "key": "S6.1. Employer Name",
        "position": [
            60.44,
            549.24
        ],
        "fill": true
    },
    "1a Address 1": {
        "page_index": 3,
        "key": "S6.2. Employer Address 1",
        "position": [
            60.44,
            578.76
        ],
        "fill": true
    },
    "1b Address 2": {
        "page_index": 3,
        "key": "S6.3. Employer Address 2",
        "position": [
            60.44,
            607.92
        ],
        "fill": true
    },
    "1c City or Town": {
        "page_index": 3,
        "key": "S6.4. Employer City or Town",
        "position": [
            60.44,
            637.2
        ],
        "fill": true
    },
    "1d Postal Code": {
        "page_index": 3,
        "key": "S6.5. Employer Postal Code",
        "position": [
            433.6,
            637.2
        ],
        "fill": true
    },
    "1e Country": {
        "page_index": 3,
        "key": "S6.6. Employer Country",
        "position": [
            60.44,
            666.36
        ],
        "fill": true
    },
    "1f State Territory or Province": {
        "page_index": 3,
        "key": "S6.7. Employer State, Territory, or Province",
        "position": [
            317.0,
            666.36
        ],
        "fill": true
    },
    "1g Job Title": {
        "page_index": 3,
        "key": "S6.8. Job Title",
        "position": [
            60.44,
            695.64
        ],
        "fill": true
    },
    "1h Start Date mmyyyy": {
        "page_index": 3,
        "key": "S6.14. Job Start Date",
        "position": [
            60.56,
            726.04
        ],