{
    "form1[0].#pageSet[0].Page1[0].PDF417BarCode1[0]": {
        "page_index": 0,
        "key": null,
        "position": [
            191.99899291992188,
            775.0009765625
        ],
        "fill": false
    },
    "form1[0].#subform[0].LastName[0]": {
        "page_index": 0,
        "key": "S2.1. Last Name / Family Name / Surname",
        "position": [
            87.39500045776367,
            670.906005859375
        ],
        "fill": true
    },
    "form1[0].#subform[0].FirstName[0]": {
        "page_index": 0,
        "key": "S2.2. First Name / Given Name",
        "position": [
            268.04400634765625,
            670.906005859375
        ],
        "fill": true
    },
    "form1[0].#subform[0].MiddleName[0]": {
        "page_index": 0,
        "key": "S2.3. Middle Name",
        "position": [
            432.0010070800781,
            669.8480224609375
        ],
        "fill": true
    },
    "form1[0].#subform[0].Email[0]": {
        "page_index": 0,
        "key": "S2.5. Email Address",
        "position": [
            57.39500045776367,
            701.2139892578125
        ],
        "fill": true
    },
    "form1[0].#subform[0].MobilePhoneNumber[0]": {
        "page_index": 0,
        "key": "S2.6. Mobile Number",
        "position": [
            365.3479919433594,
            701.2139892578125
        ],
        "fill": true
    }
}
